<?xml version="1.0" encoding="UTF-8"?>
<project-private xmlns="http://www.netbeans.org/ns/project-private/1">
    <editor-bookmarks xmlns="http://www.netbeans.org/ns/editor-bookmarks/2" lastBookmarkId="0"/>
    <open-files xmlns="http://www.netbeans.org/ns/projectui-open-files/2">
        <group>
            <file>file:/C:/Users/k7adi/Desktop/IIITA/acad/dbms/project_f/28_Library/Final/Library/src/IssueBookDao.java</file>
            <file>file:/C:/Users/k7adi/Desktop/IIITA/acad/dbms/project_f/28_Library/Final/Library/src/Student_login_signup.java</file>
            <file>file:/C:/Users/k7adi/Desktop/IIITA/acad/dbms/project_f/28_Library/Final/Library/src/Library.java</file>
            <file>file:/C:/Users/k7adi/Desktop/IIITA/acad/dbms/project_f/28_Library/Final/Library/src/ReturnBookDaoTeacher.java</file>
            <file>file:/C:/Users/k7adi/Desktop/IIITA/acad/dbms/project_f/28_Library/Final/Library/src/IssueBookForm.java</file>
            <file>file:/C:/Users/k7adi/Desktop/IIITA/acad/dbms/project_f/28_Library/Final/Library/src/IssueBookFormTeacher.java</file>
            <file>file:/C:/Users/k7adi/Desktop/IIITA/acad/dbms/project_f/28_Library/Final/Library/src/ViewIssuedBooks.java</file>
            <file>file:/C:/Users/k7adi/Desktop/IIITA/acad/dbms/project_f/28_Library/Final/Library/src/IssueBookDaoTeacher.java</file>
            <file>file:/C:/Users/k7adi/Desktop/IIITA/acad/dbms/project_f/28_Library/Final/Library/src/ReturnBookDao.java</file>
            <file>file:/C:/Users/k7adi/Desktop/IIITA/acad/dbms/project_f/28_Library/Final/Library/src/ViewIssuedBooksTeacher.java</file>
            <file>file:/C:/Users/k7adi/Desktop/IIITA/acad/dbms/project_f/28_Library/Final/Library/src/Historydao.java</file>
        </group>
    </open-files>
</project-private>
